FechaVenta;NumAlbaran;CodCliente;CodProducto;Cantidad;PrecioUnitario;Descuento;Importe
07/08/2024;ALB-100007;C0009;P012;120;6,73;0,0;807,6
07/08/2024;ALB-100007;C0009;P008;24;6,8;0,05;155,04
07/08/2024;ALB-100007;C0009;P005;120;12,56;0,15;1281,12
07/08/2024;ALB-100007;C0009;P017;12;20,38;0,15;207,88
07/08/2024;ALB-100091;C0023;P020;72;4,6;0,05;314,64
07/08/2024;ALB-100145;C0007;P001;12;4,56;0,15;46,51
07/08/2024;ALB-100145;C0007;P023;120;6,38;0,1;689,04
07/08/2024;ALB-100145;C0007;P007;96;9,97;0,0;957,12
07/08/2024;ALB-100145;C0007;P009;24;29,93;0,0;718,32
08/08/2024;ALB-100022;C0019;P002;72;7,66;0,0;551,52
08/08/2024;ALB-100022;C0019;P010;48;9,14;0,05;416,78
10/08/2024;ALB-100008;C0011;P015;60;20,33;0,0;1219,8
10/08/2024;ALB-100008;C0011;P001;60;4,75;0,15;242,25
13/08/2024;ALB-100156;C0020;P024;24;12,27;0,1;265,03
13/08/2024;ALB-100156;C0020;P007;12;9,24;0,0;110,88
13/08/2024;ALB-100156;C0020;P021;96;5,05;0,0;484,8
14/08/2024;ALB-100028;C0021;P022;24;13,84;0,0;332,16
14/08/2024;ALB-100028;C0021;P007;72;9,16;0,0;659,52
14/08/2024;ALB-100028;C0021;P017;48;18,68;0,0;896,64
14/08/2024;ALB-100028;C0021;P016;12;14,4;0,0;172,8
17/08/2024;ALB-100086;C0025;P018;60;17,73;0,1;957,42
17/08/2024;ALB-100086;C0025;P008;120;6,46;0,0;775,2
18/08/2024;ALB-100135;C0021;P008;96;6,17;0,05;562,7
18/08/2024;ALB-100135;C0021;P012;48;7,45;0,0;357,6
18/08/2024;ALB-100135;C0021;P018;24;17,13;0,05;390,56
18/08/2024;ALB-100135;C0021;P013;60;5,75;0,0;345,0
20/08/2024;ALB-100049;C0025;P011;60;15,06;0,05;858,42
20/08/2024;ALB-100118;C0005;P014;120;25,51;0,0;3061,2
20/08/2024;ALB-100118;C0005;P023;12;6,83;0,15;69,67
20/08/2024;ALB-100118;C0005;P018;12;15,34;0,15;156,47
21/08/2024;ALB-100162;C0021;P002;24;7,05;0,0;169,2
21/08/2024;ALB-100162;C0021;P016;12;13,87;0,15;141,47
21/08/2024;ALB-100162;C0021;P028;6;17,07;0,1;92,18
24/08/2024;ALB-100170;C0011;P006;96;19,87;0,05;1812,14
25/08/2024;ALB-100168;C0007;P028;24;18,68;0,0;448,32
25/08/2024;ALB-100168;C0007;P004;6;4,01;0,05;22,86
25/08/2024;ALB-100168;C0007;P003;72;3,74;0,0;269,28
26/08/2024;ALB-100032;C0014;P002;96;7,67;0,0;736,32
26/08/2024;ALB-100032;C0014;P007;96;9,76;0,05;890,11
26/08/2024;ALB-100032;C0014;P027;96;22,64;0,15;1847,42
26/08/2024;ALB-100032;C0014;P014;120;23,4;0,05;2667,6
28/08/2024;ALB-100198;C0015;P028;12;17,72;0,0;212,64
29/08/2024;ALB-100120;C0018;P010;96;8,44;0,0;810,24
30/08/2024;ALB-100036;C0005;P019;48;11,14;0,0;534,72
